AÃ±o,Mes,Tipo,Partido,Votos,Electos
1977, 06, Congreso, CAI, 0,0
1977, 06, Congreso, BAI, 226,0
1977, 06, Congreso, PLI, 805,0
1977, 06, Congreso, PAE, 833,0
1977, 06, Congreso, FEI, 855,0
1977, 06, Congreso, ADC, 938,0
1977, 06, Congreso, ADEC, 1099,0
1977, 06, Congreso, CIPYE, 1480,0
1977, 06, Congreso, CUIR, 1504,0
1977, 06, Congreso, AEICYU, 1623,0
1977, 06, Congreso, PRSV, 2345,0
1977, 06, Congreso, FL, 2631,0
1977, 06, Congreso, UDIB, 2946,0
1977, 06, Congreso, PDG, 3196,0
1977, 06, Congreso, PSDE, 3786,0
1977, 06, Congreso, ICU, 4118,0
1977, 06, Congreso, INDEP, 4530,0
1977, 06, Congreso, PPROV, 4590,0
1977, 06, Congreso, FAA, 4791,0
1977, 06, Congreso, PIM, 4814,0
1977, 06, Congreso, PSCAN, 5110,0
1977, 06, Congreso, CUP, 5206,0
1977, 06, Congreso, FN, 5541,0
1977, 06, Congreso, DCAR, 6014,0
1977, 06, Congreso, ANV, 6435,0
1977, 06, Congreso, CJA, 8184,0
1977, 06, Congreso, ASA, 8439,0
1977, 06, Congreso, MFA, 8461,0
1977, 06, Congreso, MSA, 8741,0
1977, 06, Congreso, DSCC, 9157,0
1977, 06, Congreso, PPCAN, 9650,0
1977, 06, Congreso, FNI, 10606,0
1977, 06, Congreso, URAS, 10821,0
1977, 06, Congreso, CCIA, 11879,0
1977, 06, Congreso, UAB, 11914,0
1977, 06, Congreso, CUPS, 12040,0
1977, 06, Congreso, DIV, 15505,0
1977, 06, Congreso, PCU, 17717,0
1977, 06, Congreso, UAN, 18079,0
1977, 06, Congreso, ANEPA-CP, 18113,0
1977, 06, Congreso, LLIGA, 20109,0
1977, 06, Congreso, PSOE-H, 21242,0
1977, 06, Congreso, URA, 21350,0
1977, 06, Congreso, AFN, 21900,0
1977, 06, Congreso, BNPG, 22771,0
1977, 06, Congreso, UNAI, 24489,0
1977, 06, Congreso, FJONS, 25017,0
1977, 06, Congreso, DCV, 26100,0
1977, 06, Congreso, PSG, 27197,0
1977, 06, Congreso, PSPV, 31138,0
1977, 06, Congreso, ESB, 36002,0
1977, 06, Congreso, CAIC, 37183,1
1977, 06, Congreso, FUT, 41208,0
1977, 06, Congreso, FJONSA, 46548,0
1977, 06, Congreso, EE, 61417,1
1977, 06, Congreso, RSE, 64241,0
1977, 06, Congreso, AN18, 67336,0
1977, 06, Congreso, AET, 77575,0
1977, 06, Congreso, ASDCI, 101916,0
1977, 06, Congreso, FDI, 122608,0
1977, 06, Congreso, EC-FED, 143954,1
1977, 06, Congreso, UDC-IDCC, 172791,2
1977, 06, Congreso, FDC-EDC, 215841,0
1977, 06, Congreso, PNV, 296193,8
1977, 06, Congreso, PDPC, 514647,11
1977, 06, Congreso, PSP-US, 816582,6
1977, 06, Congreso, GU, 1504771,16
1977, 06, Congreso, PSUC-PCE, 1709890,20
1977, 06, Congreso, PSOE, 5371866,118
1977, 06, Congreso, UCD, 6310391,165
1979, 03, Congreso, FE-UF, 876,0
1979, 03, Congreso, UF-FI-AT, 1188,0
1979, 03, Congreso, CIME, 1820,0
1979, 03, Congreso, POC, 2314,0
1979, 03, Congreso, PIPPA, 2409,0
1979, 03, Congreso, FEA, 2736,0
1979, 03, Congreso, CNA, 3049,0
1979, 03, Congreso, LC, 3614,0
1979, 03, Congreso, IRA-ARDE, 4826,0
1979, 03, Congreso, PPROV, 4939,0
1979, 03, Congreso, DSCC, 4976,0
1979, 03, Congreso, CIC, 6115,0
1979, 03, Congreso, P-CANT, 6290,0
1979, 03, Congreso, E CATALA, 6328,0
1979, 03, Congreso, ULE, 7126,0
1979, 03, Congreso, PSIN, 9777,0
1979, 03, Congreso, SMIM, 10022,0
1979, 03, Congreso, PDPCAN, 10099,0
1979, 03, Congreso, PRE, 10324,0
1979, 03, Congreso, UNAI, 10970,0
1979, 03, Congreso, PNPV, 13828,0
1979, 03, Congreso, URV, 15694,0
1979, 03, Congreso, PLIB, 15774,0
1979, 03, Congreso, PANCAL, 16016,0
1979, 03, Congreso, PSAR - PSDA, 19220,0
1979, 03, Congreso, UPN, 28248,1
1979, 03, Congreso, FJONSA, 30252,0
1979, 03, Congreso, UFV, 34108,0
1979, 03, Congreso, LCR, 36662,0
1979, 03, Congreso, PAR, 38042,1
1979, 03, Congreso, PCT, 47896,0
1979, 03, Congreso, UCE, 47937,0
1979, 03, Congreso, PCARL, 50552,0
1979, 03, Congreso, IR-E, 55384,0
1979, 03, Congreso, PG-POG-PSG, 55555,0
1979, 03, Congreso, BEAN, 56582,0
1979, 03, Congreso, C-UPC, 58953,1
1979, 03, Congreso, BNPG, 60889,0
1979, 03, Congreso, MCPV-OIC, 84856,0
1979, 03, Congreso, EE, 85677,1
1979, 03, Congreso, ERFN, 123452,1
1979, 03, Congreso, ORT, 127517,0
1979, 03, Congreso, PSOE-H, 133869,0
1979, 03, Congreso, HB, 172110,3
1979, 03, Congreso, PTE, 192798,0
1979, 03, Congreso, PNV, 296597,7
1979, 03, Congreso, PSA-PA, 325842,5
1979, 03, Congreso, UN, 378964,1
1979, 03, Congreso, CIU, 483353,8
1979, 03, Congreso, PSUC-PCE, 1938487,23
1979, 03, Congreso, PSOE, 5469813,121
1979, 03, Congreso, UCD, 6268593,168
1982, 10, Congreso, BIA, 0,0
1982, 10, Congreso, EM, 0,0
1982, 10, Congreso, CIR, 0,0
1982, 10, Congreso, PCU, 0,0
1982, 10, Congreso, PP, 168,0
1982, 10, Congreso, PAE, 222,0
1982, 10, Congreso, PC, 224,0
1982, 10, Congreso, FA, 532,0
1982, 10, Congreso, IR, 610,0
1982, 10, Congreso, ASDC, 1131,0
1982, 10, Congreso, PDB, 1454,0
1982, 10, Congreso, MCRM, 1515,0
1982, 10, Congreso, M.CAT.E, 1694,0
1982, 10, Congreso, ACI, 1710,0
1982, 10, Congreso, FE-I, 1862,0
1982, 10, Congreso, PRE, 1984,0
1982, 10, Congreso, IDG, 2236,0
1982, 10, Congreso, PADL, 2493,0
1982, 10, Congreso, FE-JONS, 2528,0
1982, 10, Congreso, PREPAL, 3234,0
1982, 10, Congreso, PNC, 3257,0
1982, 10, Congreso, FIC, 3772,0
1982, 10, Congreso, CE-FCC, 4900,0
1982, 10, Congreso, LC (COSI), 5462,0
1982, 10, Congreso, AEGI, 5512,0
1982, 10, Congreso, PS, 6375,0
1982, 10, Congreso, ENV-URV, 6738,0
1982, 10, Congreso, PSA, 6861,0
1982, 10, Congreso, PSM, 8633,0
1982, 10, Congreso, AEBA, 8748,0
1982, 10, Congreso, UFM-MFE, 8976,0
1982, 10, Congreso, EUPV, 9302,0
1982, 10, Congreso, CUC, 15632,0
1982, 10, Congreso, UPV, 18516,0
1982, 10, Congreso, AC-CC, 18757,0
1982, 10, Congreso, EG, 22192,0
1982, 10, Congreso, PCE (M-L), 23186,0
1982, 10, Congreso, UCE, 24044,0
1982, 10, Congreso, CC, 25792,0
1982, 10, Congreso, PCOE, 25830,0
1982, 10, Congreso, EU, 26148,0
1982, 10, Congreso, SE, 28451,0
1982, 10, Congreso, NE, 30643,0
1982, 10, Congreso, UPC, 35013,0
1982, 10, Congreso, B-PSG, 38437,0
1982, 10, Congreso, PCC, 47249,0
1982, 10, Congreso, PSA-PA, 84474,0
1982, 10, Congreso, EE, 100326,1
1982, 10, Congreso, PST, 103133,0
1982, 10, Congreso, FN, 108746,0
1982, 10, Congreso, ERC, 138118,1
1982, 10, Congreso, HB, 210601,2
1982, 10, Congreso, EAJ-PNV, 395656,8
1982, 10, Congreso, CDS, 604309,2
1982, 10, Congreso, CIU, 772726,12
1982, 10, Congreso, PSUC, 846515,4
1982, 10, Congreso, UCD, 1425093,11
1982, 10, Congreso, UPN-AP-PDP, 5548107,107
1982, 10, Congreso, PSOE, 10127392,202
1986, 06, Congreso, EMK, 0,0
1986, 06, Congreso, LKI, 0,0
1986, 06, Congreso, PAEC, 254,0
1986, 06, Congreso, AE-AIC, 601,0
1986, 06, Congreso, PROV, 756,0
1986, 06, Congreso, CA, 758,0
1986, 06, Congreso, PANCAL, 1047,0
1986, 06, Congreso, PED, 1169,0
1986, 06, Congreso, PRM, 1401,0
1986, 06, Congreso, CN, 1886,0
1986, 06, Congreso, PMCN, 1932,0
1986, 06, Congreso, LOC, 1952,0
1986, 06, Congreso, ENV-URV, 2116,0
1986, 06, Congreso, PREPAL, 2449,0
1986, 06, Congreso, CL, 2520,0
1986, 06, Congreso, ADEI, 3857,0
1986, 06, Congreso, PSDC, 4885,0
1986, 06, Congreso, PORE, 5126,0
1986, 06, Congreso, CUN, 5209,0
1986, 06, Congreso, PSM-EN, 7539,0
1986, 06, Congreso, PSPA, 14999,0
1986, 06, Congreso, EU, 16091,0
1986, 06, Congreso, POSI, 21853,0
1986, 06, Congreso, BNG, 27049,0
1986, 06, Congreso, UPR, 27473,0
1986, 06, Congreso, VERDE, 28318,0
1986, 06, Congreso, AV, 29567,0
1986, 06, Congreso, LV, 31909,0
1986, 06, Congreso, AC-INC, 36892,0
1986, 06, Congreso, UPV, 40264,0
1986, 06, Congreso, UCE, 42451,0
1986, 06, Congreso, FE-JONS, 43449,0
1986, 06, Congreso, PSG-EG, 45574,0
1986, 06, Congreso, PCC, 57107,0
1986, 06, Congreso, UV, 64403,1
1986, 06, Congreso, AIC, 65664,1
1986, 06, Congreso, PAR, 73004,1
1986, 06, Congreso, PST, 77914,0
1986, 06, Congreso, CG, 79972,1
1986, 06, Congreso, ERC, 84628,0
1986, 06, Congreso, PA, 94008,0
1986, 06, Congreso, EE, 107053,2
1986, 06, Congreso, PRD, 194538,0
1986, 06, Congreso, PCE-EPK, 229695,0
1986, 06, Congreso, HB, 231722,5
1986, 06, Congreso, EAJ-PNV, 309610,6
1986, 06, Congreso, PSUC-ENE, 935504,7
1986, 06, Congreso, CIU, 1014258,18
1986, 06, Congreso, CDS, 1861912,19
1986, 06, Congreso, AP-PL-UPN, 5247677,105
1986, 06, Congreso, PSOE, 8901718,184
1987, 06, Parlamento Europeo, PED, 9146,0
1987, 06, Parlamento Europeo, LA, 9881,0
1987, 06, Parlamento Europeo, PANCAL, 12616,0
1987, 06, Parlamento Europeo, PRC, 14553,0
1987, 06, Parlamento Europeo, PCV, 14749,0
1987, 06, Parlamento Europeo, UM, 19066,0
1987, 06, Parlamento Europeo, UCE, 21482,0
1987, 06, Parlamento Europeo, PH, 22333,0
1987, 06, Parlamento Europeo, FE-JONS, 23407,0
1987, 06, Parlamento Europeo, CSD, 25058,0
1987, 06, Parlamento Europeo, POSI, 25270,0
1987, 06, Parlamento Europeo, ANEMYA, 30143,0
1987, 06, Parlamento Europeo, PORE, 30157,0
1987, 06, Parlamento Europeo, EU, 39369,0
1987, 06, Parlamento Europeo, BNG, 53116,0
1987, 06, Parlamento Europeo, CV, 65574,0
1987, 06, Parlamento Europeo, PST, 77132,0
1987, 06, Parlamento Europeo, AIC, 96895,0
1987, 06, Parlamento Europeo, PAR, 105865,0
1987, 06, Parlamento Europeo, LV, 107625,0
1987, 06, Parlamento Europeo, AS, 116761,0
1987, 06, Parlamento Europeo, FN, 122799,0
1987, 06, Parlamento Europeo, UV, 162128,0
1987, 06, Parlamento Europeo, PDP, 170866,0
1987, 06, Parlamento Europeo, PA, 185550,0
1987, 06, Parlamento Europeo, PTE-UC, 222680,0
1987, 06, Parlamento Europeo, PNV-PG-N, 226570,0
1987, 06, Parlamento Europeo, PSG-EG(CIP), 261328,0
1987, 06, Parlamento Europeo, PNG-EA-ERC, 326911,1
1987, 06, Parlamento Europeo, HB, 360952,1
1987, 06, Parlamento Europeo, CIU, 853603,3
1987, 06, Parlamento Europeo, IU (IPE), 1011830,3
1987, 06, Parlamento Europeo, CDS, 1976093,7
1987, 06, Parlamento Europeo, AP, 4747283,17
1987, 06, Parlamento Europeo, PSC-PSOE, 7522706,28
1987, 06, Municipales, PPLM, 165,0
1987, 06, Municipales, PNEM, 169,0
1987, 06, Municipales, UPGO, 207,0
1987, 06, Municipales, UDC, 221,0
1987, 06, Municipales, PSAN, 228,0
1987, 06, Municipales, PSDV, 252,0
1987, 06, Municipales, TAGOROR, 279,0
1987, 06, Municipales, ALCI-I, 397,0
1987, 06, Municipales, PNA, 522,0
1987, 06, Municipales, ARDE, 529,1
1987, 06, Municipales, PSDC-EC, 566,0
1987, 06, Municipales, PUIECB, 600,6
1987, 06, Municipales, PANCAL, 694,0
1987, 06, Municipales, PNC, 701,0
1987, 06, Municipales, PCA, 727,0
1987, 06, Municipales, CSI, 745,0
1987, 06, Municipales, PRMA, 750,2
1987, 06, Municipales, LCR, 757,0
1987, 06, Municipales, AWAÑAC, 761,0
1987, 06, Municipales, P.PIRINEU, 803,21
1987, 06, Municipales, PRE, 887,2
1987, 06, Municipales, PRMU, 974,0
1987, 06, Municipales, AMO-ULE, 983,4
1987, 06, Municipales, FI, 1030,0
1987, 06, Municipales, UPI, 1082,11
1987, 06, Municipales, IUPC, 1090,0
1987, 06, Municipales, UA-PNA, 1128,16
1987, 06, Municipales, ADEIS, 1266,17
1987, 06, Municipales, PREPAL, 1319,12
1987, 06, Municipales, UNI, 1418,1
1987, 06, Municipales, AHI, 1441,9
1987, 06, Municipales, UC, 1717,6
1987, 06, Municipales, PED, 1850,3
1987, 06, Municipales, IF, 1900,6
1987, 06, Municipales, B, 2162,5
1987, 06, Municipales, LOC, 2257,0
1987, 06, Municipales, CGI, 2494,10
1987, 06, Municipales, JJ.EE., 2526,0
1987, 06, Municipales, PSPC, 2557,3
1987, 06, Municipales, UPM, 2622,3
1987, 06, Municipales, CDS-AGI, 2691,20
1987, 06, Municipales, AIL, 2713,16
1987, 06, Municipales, PORE, 2759,0
1987, 06, Municipales, PST, 2891,0
1987, 06, Municipales, PAS, 3077,0
1987, 06, Municipales, MCE, 3113,1
1987, 06, Municipales, PGIS, 3152,18
1987, 06, Municipales, UA-CH.A, 3172,2
1987, 06, Municipales, PEC-V, 3229,0
1987, 06, Municipales, CP, 3234,9
1987, 06, Municipales, UCE, 3380,0
1987, 06, Municipales, AIAM, 3381,0
1987, 06, Municipales, VERDE, 3457,1
1987, 06, Municipales, POSI, 3564,1
1987, 06, Municipales, PSM-EU, 3640,10
1987, 06, Municipales, UNLE, 3704,13
1987, 06, Municipales, PGN, 4176,2
1987, 06, Municipales, UPG, 4363,11
1987, 06, Municipales, CEU, 4398,6
1987, 06, Municipales, AIGRANC, 4557,2
1987, 06, Municipales, PB, 4726,35
1987, 06, Municipales, PDB, 5118,16
1987, 06, Municipales, CV, 5235,0
1987, 06, Municipales, AM, 5336,23
1987, 06, Municipales, AIDA, 5383,42
1987, 06, Municipales, UIPM, 5492,24
1987, 06, Municipales, LA, 5580,3
1987, 06, Municipales, ADEI-O, 5647,23
1987, 06, Municipales, UPR, 6054,0
1987, 06, Municipales, AV-MEC, 6150,1
1987, 06, Municipales, PPCG, 6186,43
1987, 06, Municipales, UDPM, 6885,25
1987, 06, Municipales, PRP, 7125,51
1987, 06, Municipales, CNC, 7331,1
1987, 06, Municipales, PSI, 7494,15
1987, 06, Municipales, CEV, 9352,17
1987, 06, Municipales, IPN, 9629,132
1987, 06, Municipales, UCC, 9834,4
1987, 06, Municipales, API, 11356,46
1987, 06, Municipales, OIV, 11385,25
1987, 06, Municipales, PSM-EN, 11674,25
1987, 06, Municipales, PMO, 11877,48
1987, 06, Municipales, PL, 12582,58
1987, 06, Municipales, PNG, 18354,38
1987, 06, Municipales, EU, 18483,112
1987, 06, Municipales, FE-JONS, 18920,6
1987, 06, Municipales, LV, 20470,2
1987, 06, Municipales, PCAN, 26343,10
1987, 06, Municipales, PRC, 28227,100
1987, 06, Municipales, PH, 28489,0
1987, 06, Municipales, UPV, 30018,65
1987, 06, Municipales, UM, 32218,119
1987, 06, Municipales, IG, 33032,69
1987, 06, Municipales, AC-INC, 41390,40
1987, 06, Municipales, UPN, 43818,134
1987, 06, Municipales, PSG-EG, 57062,60
1987, 06, Municipales, BNG, 61256,139
1987, 06, Municipales, SI, 72661,129
1987, 06, Municipales, ERC, 75422,188
1987, 06, Municipales, EE, 107354,157
1987, 06, Municipales, AP-PL, 108346,269
1987, 06, Municipales, ATI, 119943,173
1987, 06, Municipales, PAR, 129370,896
1987, 06, Municipales, IU-UPV, 131942,251
1987, 06, Municipales, UV, 148878,215
1987, 06, Municipales, PTC-UC, 185104,179
1987, 06, Municipales, EA, 207054,497
1987, 06, Municipales, PA, 221825,294
1987, 06, Municipales, HB, 239010,669
1987, 06, Municipales, EAJ-PNV, 241832,819
1987, 06, Municipales, PDP-PL, 319519,1520
1987, 06, Municipales, IND-1 43162, 714632,5347
1987, 06, Municipales, CIU, 1004115,4350
1987, 06, Municipales, IU (IPE), 1399364,2315
1987, 06, Municipales, CDS, 1902293,5952
1987, 06, Municipales, AP-CCG, 3972359,16312
1987, 06, Municipales, PSN-PSOE, 7229782,23241
1989, 06, Parlamento Europeo, BACTERIA, 0,0
1989, 06, Parlamento Europeo, P.CAR., 8477,0
1989, 06, Parlamento Europeo, IDE, 8789,0
1989, 06, Parlamento Europeo, LA, 9421,0
1989, 06, Parlamento Europeo, PED, 10392,0
1989, 06, Parlamento Europeo, UNA, 13165,0
1989, 06, Parlamento Europeo, AR, 17189,0
1989, 06, Parlamento Europeo, PH, 19356,0
1989, 06, Parlamento Europeo, C.LL., 19774,0
1989, 06, Parlamento Europeo, FE-JONS, 24340,0
1989, 06, Parlamento Europeo, EPV, 30252,0
1989, 06, Parlamento Europeo, PST-PORE, 38683,0
1989, 06, Parlamento Europeo, BNG, 46052,0
1989, 06, Parlamento Europeo, AV-MEC, 47250,0
1989, 06, Parlamento Europeo, CSD, 52577,0
1989, 06, Parlamento Europeo, VERDE, 58686,0
1989, 06, Parlamento Europeo, FN, 60672,0
1989, 06, Parlamento Europeo, PCPE.PCC, 79970,0
1989, 06, Parlamento Europeo, UPM/FPR, 151835,0
1989, 06, Parlamento Europeo, LVE, 161903,0
1989, 06, Parlamento Europeo, LB, 164524,0
1989, 06, Parlamento Europeo, PTE-UC, 197095,0
1989, 06, Parlamento Europeo, EA, 238909,1
1989, 06, Parlamento Europeo, HB, 269094,1
1989, 06, Parlamento Europeo, UPV/EP, 290286,1
1989, 06, Parlamento Europeo, PA, 295047,1
1989, 06, Parlamento Europeo, EAJ-PNV, 303038,1
1989, 06, Parlamento Europeo, RUIZ-MATEOS, 608560,2
1989, 06, Parlamento Europeo, CIU, 666602,2
1989, 06, Parlamento Europeo, IU-EU, 961742,4
1989, 06, Parlamento Europeo, CDS, 1133429,5
1989, 06, Parlamento Europeo, PP, 3395015,15
1989, 06, Parlamento Europeo, PSC-PSOE, 6275552,27
1989, 10, Congreso, LKI-EMK, 0,0
1989, 10, Congreso, PCE/(M.L.), 0,0
1989, 10, Congreso, P.PR., 245,0
1989, 10, Congreso, PNEM, 301,0
1989, 10, Congreso, PRB, 398,0
1989, 10, Congreso, PRGU, 426,0
1989, 10, Congreso, TAGOROR, 472,0
1989, 10, Congreso, FE (I), 827,0
1989, 10, Congreso, R. X C., 904,0
1989, 10, Congreso, PEE-(LV), 931,0
1989, 10, Congreso, ARDE, 975,0
1989, 10, Congreso, COA, 1041,0
1989, 10, Congreso, PANCAL, 1199,0
1989, 10, Congreso, ACI, 1359,0
1989, 10, Congreso, MV, 1368,0
1989, 10, Congreso, SEV, 1411,0
1989, 10, Congreso, CEU, 2760,0
1989, 10, Congreso, UB, 2883,0
1989, 10, Congreso, PREPAL, 2962,0
1989, 10, Congreso, ENV-URV, 2988,0
1989, 10, Congreso, UA-CH.A, 3156,0
1989, 10, Congreso, UNA, 3218,0
1989, 10, Congreso, GRM, 3330,0
1989, 10, Congreso, PAM, 3396,0
1989, 10, Congreso, FPG, 3657,0
1989, 10, Congreso, PED, 4942,0
1989, 10, Congreso, PAS, 5414,0
1989, 10, Congreso, IGC, 6371,0
1989, 10, Congreso, PORE., 7906,0
1989, 10, Congreso, PSM-ENE, 7989,0
1989, 10, Congreso, EX.U., 10984,0
1989, 10, Congreso, AR, 12807,0
1989, 10, Congreso, PNG-PG, 14411,0
1989, 10, Congreso, PHA, 15936,0
1989, 10, Congreso, CSD Y L, 17095,0
1989, 10, Congreso, VERDE., 21235,0
1989, 10, Congreso, ACN, 21539,0
1989, 10, Congreso, FE-JONS, 24025,0
1989, 10, Congreso, AV-MEC, 25978,0
1989, 10, Congreso, PSG-EG, 34131,0
1989, 10, Congreso, UPV, 40767,0
1989, 10, Congreso, CG, 45821,0
1989, 10, Congreso, BNG, 47763,0
1989, 10, Congreso, PCPE., 62664,0
1989, 10, Congreso, AIC, 64767,1
1989, 10, Congreso, PAR, 71733,1
1989, 10, Congreso, PST., 81218,0
1989, 10, Congreso, ERC, 84756,0
1989, 10, Congreso, PTE/UC, 86257,0
1989, 10, Congreso, EE, 105238,2
1989, 10, Congreso, EVE., 136335,0
1989, 10, Congreso, EA, 136955,2
1989, 10, Congreso, UV, 144924,2
1989, 10, Congreso, LV., 157103,0
1989, 10, Congreso, PA, 212687,2
1989, 10, Congreso, HB, 217278,4
1989, 10, Congreso, RUIZ-MATEOS, 219883,0
1989, 10, Congreso, EAJ-PNV, 254681,5
1989, 10, Congreso, CIU, 1032243,18
1989, 10, Congreso, C.D.S., 1617716,14
1989, 10, Congreso, EU, 1858588,17
1989, 10, Congreso, PP-C DE G, 5285972,107
1989, 10, Congreso, PSOE., 8115568,175
1991, 05, Municipales, SODE-CM, 61,0
1991, 05, Municipales, PCOC, 123,0
1991, 05, Municipales, MFE, 228,0
1991, 05, Municipales, PH, 233,0
1991, 05, Municipales, INCE, 239,0
1991, 05, Municipales, VS, 249,0
1991, 05, Municipales, PUI., 253,0
1991, 05, Municipales, LCR, 254,0
1991, 05, Municipales, PUI, 273,0
1991, 05, Municipales, AA, 291,0
1991, 05, Municipales, IG, 295,0
1991, 05, Municipales, APU, 298,0
1991, 05, Municipales, PRCM, 298,0
1991, 05, Municipales, PAG, 300,1
1991, 05, Municipales, PCM-PM, 305,0
1991, 05, Municipales, PANCAL, 307,1
1991, 05, Municipales, CPC, 352,1
1991, 05, Municipales, UCC-PED, 384,0
1991, 05, Municipales, MCG, 401,1
1991, 05, Municipales, CISN, 431,13
1991, 05, Municipales, EA-EE, 445,3
1991, 05, Municipales, JV, 445,0
1991, 05, Municipales, DU, 469,4
1991, 05, Municipales, UP. DE M., 494,1
1991, 05, Municipales, PRB, 499,1
1991, 05, Municipales, PNC, 503,0
1991, 05, Municipales, EG, 544,2
1991, 05, Municipales, MCE, 584,0
1991, 05, Municipales, FE (I), 605,0
1991, 05, Municipales, PSI, 625,8
1991, 05, Municipales, PUR, 627,0
1991, 05, Municipales, TAGOROR, 630,0
1991, 05, Municipales, OM, 632,1
1991, 05, Municipales, CP, 637,0
1991, 05, Municipales, UC, 642,6
1991, 05, Municipales, ARU, 656,0
1991, 05, Municipales, AIS, 694,2
1991, 05, Municipales, GIF, 705,4
1991, 05, Municipales, MAS, 716,0
1991, 05, Municipales, UPLTA, 772,9
1991, 05, Municipales, UMS, 780,10
1991, 05, Municipales, PEC-VERDE, 781,0
1991, 05, Municipales, LG, 794,0
1991, 05, Municipales, P.I., 845,0
1991, 05, Municipales, AIDA, 902,1
1991, 05, Municipales, OS, 907,4
1991, 05, Municipales, PASE, 919,0
1991, 05, Municipales, NA, 961,0
1991, 05, Municipales, PVE, 984,0
1991, 05, Municipales, FN, 995,1
1991, 05, Municipales, VG, 1000,0
1991, 05, Municipales, PRGU, 1029,1
1991, 05, Municipales, AIGRANC, 1055,0
1991, 05, Municipales, ALICANTON, 1069,0
1991, 05, Municipales, ENE, 1071,1
1991, 05, Municipales, HT, 1077,20
1991, 05, Municipales, UA-PNA, 1091,15
1991, 05, Municipales, AMD, 1137,19
1991, 05, Municipales, ARDE, 1153,2
1991, 05, Municipales, IPT, 1161,4
1991, 05, Municipales, PAI, 1181,8
1991, 05, Municipales, UNV, 1215,2
1991, 05, Municipales, P/CARLISTA, 1218,0
1991, 05, Municipales, PE, 1252,0
1991, 05, Municipales, CA, 1305,0
1991, 05, Municipales, PRSV, 1316,1
1991, 05, Municipales, ADEI-O, 1320,2
1991, 05, Municipales, PNG-PG, 1333,3
1991, 05, Municipales, PDP, 1343,39
1991, 05, Municipales, CIR, 1371,50
1991, 05, Municipales, AHI, 1452,8
1991, 05, Municipales, TC, 1473,0
1991, 05, Municipales, PREPAL, 1511,10
1991, 05, Municipales, CLL, 1546,8
1991, 05, Municipales, LKI-EMK, 1546,2
1991, 05, Municipales, PREC, 1624,0
1991, 05, Municipales, PTGC, 1652,0
1991, 05, Municipales, UPM, 1659,11
1991, 05, Municipales, LVA-UV, 1679,0
1991, 05, Municipales, PRM, 1772,5
1991, 05, Municipales, AAVV-C, 1777,0
1991, 05, Municipales, PNM, 1780,2
1991, 05, Municipales, ARCOIRIS, 1786,0
1991, 05, Municipales, UNAL, 1898,0
1991, 05, Municipales, CCI, 1955,3
1991, 05, Municipales, PORE, 1960,0
1991, 05, Municipales, FIEF, 2048,6
1991, 05, Municipales, PSPC, 2065,2
1991, 05, Municipales, PSI., 2230,3
1991, 05, Municipales, EHB, 2346,0
1991, 05, Municipales, CI, 2452,0
1991, 05, Municipales, CEU, 2501,2
1991, 05, Municipales, UP., 2547,11
1991, 05, Municipales, CUP, 2664,2
1991, 05, Municipales, PI, 2702,0
1991, 05, Municipales, FPG, 2708,6
1991, 05, Municipales, AR, 2765,0
1991, 05, Municipales, AV-MEC, 2802,0
1991, 05, Municipales, PPCG, 2830,15
1991, 05, Municipales, ASI, 2910,14
1991, 05, Municipales, CONCEYU, 3231,3
1991, 05, Municipales, PG, 3440,0
1991, 05, Municipales, EEM, 3606,11
1991, 05, Municipales, UNIC, 3663,65
1991, 05, Municipales, B, 3889,7
1991, 05, Municipales, IB, 4044,26
1991, 05, Municipales, PB., 4363,45
1991, 05, Municipales, PB, 4595,13
1991, 05, Municipales, PIAP, 4723,16
1991, 05, Municipales, EC, 4919,46
1991, 05, Municipales, PAM, 4920,1
1991, 05, Municipales, OIV, 4935,8
1991, 05, Municipales, AM, 4959,21
1991, 05, Municipales, DRCL, 4986,36
1991, 05, Municipales, ACTAL, 4998,4
1991, 05, Municipales, UPAN, 5390,9
1991, 05, Municipales, AIPN, 5497,65
1991, 05, Municipales, PVN, 5545,10
1991, 05, Municipales, CB, 5630,13
1991, 05, Municipales, P.N.C., 5737,1
1991, 05, Municipales, UPI, 6181,26
1991, 05, Municipales, APP, 6234,35
1991, 05, Municipales, PCPE, 6488,17
1991, 05, Municipales, PEC, 6813,16
1991, 05, Municipales, APB, 6944,28
1991, 05, Municipales, IPMO, 7146,68
1991, 05, Municipales, PREX, 7440,35
1991, 05, Municipales, EV, 7813,1
1991, 05, Municipales, PRIM, 7990,9
1991, 05, Municipales, UVE, 8264,0
1991, 05, Municipales, E.U., 8392,32
1991, 05, Municipales, PR, 8461,82
1991, 05, Municipales, LE, 8495,0
1991, 05, Municipales, DS, 8747,4
1991, 05, Municipales, UG, 9333,53
1991, 05, Municipales, PEC-PCC, 9468,5
1991, 05, Municipales, P.M, 9526,9
1991, 05, Municipales, UPL, 9595,28
1991, 05, Municipales, UIM-IM, 10159,21
1991, 05, Municipales, CHA, 10196,16
1991, 05, Municipales, FE-JONS, 10829,11
1991, 05, Municipales, PAS-UNA, 10891,6
1991, 05, Municipales, PST, 11366,0
1991, 05, Municipales, PCC, 14521,4
1991, 05, Municipales, LVLE-H, 16408,0
1991, 05, Municipales, PRC, 18966,69
1991, 05, Municipales, PSM, 20981,54
1991, 05, Municipales, UA, 21269,39
1991, 05, Municipales, SI, 21951,61
1991, 05, Municipales, RUIZ-MATEOS, 23404,0
1991, 05, Municipales, ACN, 26188,30
1991, 05, Municipales, PSG-EG, 39116,46
1991, 05, Municipales, CNG, 52196,137
1991, 05, Municipales, UPV, 54951,92
1991, 05, Municipales, UPN, 68682,245
1991, 05, Municipales, EE, 71382,105
1991, 05, Municipales, UPCA, 71683,285
1991, 05, Municipales, LV, 73548,4
1991, 05, Municipales, ERC, 92003,228
1991, 05, Municipales, BNG, 107932,241
1991, 05, Municipales, PAR, 128025,1115
1991, 05, Municipales, EA, 131384,393
1991, 05, Municipales, AIC, 140462,281
1991, 05, Municipales, U.V., 187385,335
1991, 05, Municipales, HB, 199090,701
1991, 05, Municipales, EAJ-PNV, 299840,993
1991, 05, Municipales, PA, 342927,540
1991, 05, Municipales, CDS, 731331,2939
1991, 05, Municipales, AEI, 777488,4586
1991, 05, Municipales, CIU, 915291,4360
1991, 05, Municipales, IU, 1579097,2614
1991, 05, Municipales, PP, 4775051,19298
1991, 05, Municipales, PSOE, 7224242,25260
1993, 06, Congreso, UCE, 0,0
1993, 06, Congreso, PED, 0,0
1993, 06, Congreso, CCL, 0,0
1993, 06, Congreso, FREIXES, 0,0
1993, 06, Congreso, INCE, 42,0
1993, 06, Congreso, PANCAL, 70,0
1993, 06, Congreso, US, 98,0
1993, 06, Congreso, MCES, 244,0
1993, 06, Congreso, PRGU, 267,0
1993, 06, Congreso, P. TAGOROR, 278,0
1993, 06, Congreso, PRB, 282,0
1993, 06, Congreso, IF, 303,0
1993, 06, Congreso, PNC, 383,0
1993, 06, Congreso, LG, 385,0
1993, 06, Congreso, PITRCG, 408,0
1993, 06, Congreso, ABE, 416,0
1993, 06, Congreso, PIAP, 466,0
1993, 06, Congreso, CONCEYU, 528,0
1993, 06, Congreso, OS, 540,0
1993, 06, Congreso, UDLA, 594,0
1993, 06, Congreso, FPE, 641,0
1993, 06, Congreso, UNI.D.A, 715,0
1993, 06, Congreso, FE (A), 747,0
1993, 06, Congreso, AA, 787,0
1993, 06, Congreso, UC, 949,0
1993, 06, Congreso, AIGRANC, 1009,0
1993, 06, Congreso, PSPC, 1155,0
1993, 06, Congreso, ATF, 1159,0
1993, 06, Congreso, MCE, 1178,0
1993, 06, Congreso, PREPAL, 1193,0
1993, 06, Congreso, PCV, 1300,0
1993, 06, Congreso, PVPA, 1375,0
1993, 06, Congreso, ARCOIRIS, 1407,0
1993, 06, Congreso, APP, 1410,0
1993, 06, Congreso, FE (I), 1415,0
1993, 06, Congreso, ENV, 1517,0
1993, 06, Congreso, ACI, 1644,0
1993, 06, Congreso, PRIM, 1917,0
1993, 06, Congreso, ECO-VERDE, 1959,0
1993, 06, Congreso, PREX, 2086,0
1993, 06, Congreso, PB, 2681,0
1993, 06, Congreso, URCL, 2715,0
1993, 06, Congreso, ARDE, 3063,0
1993, 06, Congreso, AG, 3286,0
1993, 06, Congreso, TC-PNC, 4647,0
1993, 06, Congreso, CNG, 4663,0
1993, 06, Congreso, CHA, 6344,0
1993, 06, Congreso, P. RIOJANO, 7532,0
1993, 06, Congreso, NPS, 7991,0
1993, 06, Congreso, FE-JONS, 8000,0
1993, 06, Congreso, POR, 8667,0
1993, 06, Congreso, HUMANISTA, 8834,0
1993, 06, Congreso, PEC-VERDE, 9249,0
1993, 06, Congreso, UMMP, 10053,0
1993, 06, Congreso, PCPG, 10233,0
1993, 06, Congreso, E U, 10653,0
1993, 06, Congreso, PAS, 11088,0
1993, 06, Congreso, PLN, 11392,0
1993, 06, Congreso, UPL, 13097,0
1993, 06, Congreso, PGC, 15246,0
1993, 06, Congreso, GIL, 16452,0
1993, 06, Congreso, UA, 16623,0
1993, 06, Congreso, PRC, 18608,0
1993, 06, Congreso, PSM-ENE, 20118,0
1993, 06, Congreso, UPCA, 27005,0
1993, 06, Congreso, PST, 30068,0
1993, 06, Congreso, UPV, 41052,0
1993, 06, Congreso, PAP, 43169,0
1993, 06, Congreso, ARM, 54518,0
1993, 06, Congreso, ECOLOGISTAS, 68851,0
1993, 06, Congreso, PA, 96513,0
1993, 06, Congreso, UV, 112341,1
1993, 06, Congreso, BNG, 126965,0
1993, 06, Congreso, EA-EUE, 129293,1
1993, 06, Congreso, PAR, 144544,1
1993, 06, Congreso, VERDES, 185940,0
1993, 06, Congreso, ERC, 189632,1
1993, 06, Congreso, HB, 206876,2
1993, 06, Congreso, CC, 207077,4
1993, 06, Congreso, EAJ-PNV, 291448,5
1993, 06, Congreso, CDS, 414740,0
1993, 06, Congreso, CIU, 1165783,17
1993, 06, Congreso, IU, 2253722,18
1993, 06, Congreso, PP, 8201463,141
1993, 06, Congreso, PSE-EE/PSOE, 9150083,159
1994, 06, Parlamento Europeo, LVRM, 0,0
1994, 06, Parlamento Europeo, PIL, 0,0
1994, 06, Parlamento Europeo, PNC, 0,0
1994, 06, Parlamento Europeo, GPOR-PST, 3765,0
1994, 06, Parlamento Europeo, AG, 4431,0
1994, 06, Parlamento Europeo, PCAR, 4640,0
1994, 06, Parlamento Europeo, ADN, 4689,0
1994, 06, Parlamento Europeo, PREX, 4836,0
1994, 06, Parlamento Europeo, JYB, 4992,0
1994, 06, Parlamento Europeo, CTC, 5226,0
1994, 06, Parlamento Europeo, FEI, 5602,0
1994, 06, Parlamento Europeo, PREPAL, 6197,0
1994, 06, Parlamento Europeo, CNPS, 7349,0
1994, 06, Parlamento Europeo, PH, 7499,0
1994, 06, Parlamento Europeo, PLN, 7845,0
1994, 06, Parlamento Europeo, URCL, 10019,0
1994, 06, Parlamento Europeo, FE-JONS, 11733,0
1994, 06, Parlamento Europeo, EU, 13580,0
1994, 06, Parlamento Europeo, PAS, 14846,0
1994, 06, Parlamento Europeo, POR, 16144,0
1994, 06, Parlamento Europeo, CPNT, 29025,0
1994, 06, Parlamento Europeo, PCPE, 29692,0
1994, 06, Parlamento Europeo, CEC, 42237,0
1994, 06, Parlamento Europeo, RUIZ-MATEOS, 82410,0
1994, 06, Parlamento Europeo, GV, 109567,0
1994, 06, Parlamento Europeo, BNG, 139221,0
1994, 06, Parlamento Europeo, PA-PAP, 140445,0
1994, 06, Parlamento Europeo, HB, 180324,0
1994, 06, Parlamento Europeo, FORO Y CDS, 183418,0
1994, 06, Parlamento Europeo, ENE-ERC, 239339,0
1994, 06, Parlamento Europeo, UM, 518532,2
1994, 06, Parlamento Europeo, PSM-NM-CIU, 865913,3
1994, 06, Parlamento Europeo, IU-EBN, 2497671,9
1994, 06, Parlamento Europeo, PSC-PSOE, 5719707,22
1994, 06, Parlamento Europeo, PP, 7453900,28
1995, 05, Municipales, PRB, 49,0
1995, 05, Municipales, UC, 73,0
1995, 05, Municipales, UPF, 128,0
1995, 05, Municipales, ZUTIK, 155,1
1995, 05, Municipales, PNC, 161,0
1995, 05, Municipales, EKA, 162,0
1995, 05, Municipales, HH, 187,0
1995, 05, Municipales, PCOC, 199,0
1995, 05, Municipales, LAE, 221,0
1995, 05, Municipales, AEPR, 224,12
1995, 05, Municipales, AIG, 234,0
1995, 05, Municipales, PCS, 237,0
1995, 05, Municipales, US, 288,0
1995, 05, Municipales, FPG, 307,0
1995, 05, Municipales, AMD, 330,8
1995, 05, Municipales, APIL, 363,1
1995, 05, Municipales, FIEX, 367,3
1995, 05, Municipales, PUI, 371,2
1995, 05, Municipales, AI-LV, 379,0
1995, 05, Municipales, ACON, 384,0
1995, 05, Municipales, CP, 407,0
1995, 05, Municipales, PIZ, 430,3
1995, 05, Municipales, LG, 436,0
1995, 05, Municipales, IZEGZAWEN, 501,0
1995, 05, Municipales, UP, 507,7
1995, 05, Municipales, AFIT, 508,0
1995, 05, Municipales, UAD, 529,0
1995, 05, Municipales, CLL, 549,1
1995, 05, Municipales, ENV, 553,0
1995, 05, Municipales, PREC, 561,4
1995, 05, Municipales, AE, 582,3
1995, 05, Municipales, AL, 591,0
1995, 05, Municipales, PPGA, 600,0
1995, 05, Municipales, FE-I, 701,0
1995, 05, Municipales, FIEF, 713,0
1995, 05, Municipales, CISN, 724,27
1995, 05, Municipales, BD, 729,0
1995, 05, Municipales, AVEMA, 736,2
1995, 05, Municipales, UDL, 753,0
1995, 05, Municipales, AMA, 767,2
1995, 05, Municipales, UDA, 776,6
1995, 05, Municipales, UPB, 819,4
1995, 05, Municipales, CR-CA, 838,0
1995, 05, Municipales, PRGU, 904,10
1995, 05, Municipales, NR, 906,0
1995, 05, Municipales, HT, 930,22
1995, 05, Municipales, UIG, 941,0
1995, 05, Municipales, PIAP, 959,0
1995, 05, Municipales, CPV, 961,0
1995, 05, Municipales, AR, 1007,0
1995, 05, Municipales, PNM, 1008,0
1995, 05, Municipales, PPP, 1061,17
1995, 05, Municipales, PEPC, 1067,1
1995, 05, Municipales, CEM, 1111,0
1995, 05, Municipales, OS, 1145,2
1995, 05, Municipales, UA-PNA, 1202,15
1995, 05, Municipales, PPB, 1213,2
1995, 05, Municipales, AU, 1256,1
1995, 05, Municipales, FREPIC, 1292,0
1995, 05, Municipales, PMR, 1350,0
1995, 05, Municipales, PDSC, 1449,1
1995, 05, Municipales, CEAIV-UPRA, 1521,1
1995, 05, Municipales, CDA-PNA, 1537,26
1995, 05, Municipales, PRT, 1577,0
1995, 05, Municipales, CB, 1613,3
1995, 05, Municipales, AA, 1630,1
1995, 05, Municipales, INME, 1641,5
1995, 05, Municipales, PIDM, 1644,0
1995, 05, Municipales, PB, 1647,18
1995, 05, Municipales, MV-NPS, 1686,0
1995, 05, Municipales, AHI, 1724,8
1995, 05, Municipales, PDIP, 1731,2
1995, 05, Municipales, IN, 1820,6
1995, 05, Municipales, CLC, 1827,1
1995, 05, Municipales, PRA, 1856,1
1995, 05, Municipales, AG, 1966,2
1995, 05, Municipales, ASI, 1986,2
1995, 05, Municipales, URI, 2028,8
1995, 05, Municipales, ATF, 2057,1
1995, 05, Municipales, EIO, 2091,13
1995, 05, Municipales, CG, 2161,3
1995, 05, Municipales, ICS, 2198,7
1995, 05, Municipales, CI, 2199,0
1995, 05, Municipales, RV, 2248,1
1995, 05, Municipales, PSPC, 2307,2
1995, 05, Municipales, POR, 2328,0
1995, 05, Municipales, LA, 2497,1
1995, 05, Municipales, UPM, 2605,2
1995, 05, Municipales, CONCEYU, 2614,2
1995, 05, Municipales, AI, 2891,7
1995, 05, Municipales, IGC, 3282,8
1995, 05, Municipales, PREPAL, 3446,28
1995, 05, Municipales, IDBM, 3487,10
1995, 05, Municipales, PC, 3516,0
1995, 05, Municipales, INCA, 3683,16
1995, 05, Municipales, ACTAL, 4058,2
1995, 05, Municipales, CM, 4072,4
1995, 05, Municipales, CEU, 4171,4
1995, 05, Municipales, APP, 4184,29
1995, 05, Municipales, UDI, 4277,11
1995, 05, Municipales, OIV, 4291,9
1995, 05, Municipales, AEC-EVE, 4330,0
1995, 05, Municipales, UPAN, 4479,8
1995, 05, Municipales, TC-PNC, 4542,23
1995, 05, Municipales, PCPC, 4633,7
1995, 05, Municipales, PH, 4677,0
1995, 05, Municipales, IPL, 4943,16
1995, 05, Municipales, PRCM, 4974,20
1995, 05, Municipales, PRIM, 5061,10
1995, 05, Municipales, AIPN, 5306,54
1995, 05, Municipales, BATZARRE, 5462,2
1995, 05, Municipales, PUL, 5523,1
1995, 05, Municipales, CEDI, 5616,6
1995, 05, Municipales, PFC, 5778,6
1995, 05, Municipales, IPMO, 5921,53
1995, 05, Municipales, AV, 5956,12
1995, 05, Municipales, FE-JONS, 6947,7
1995, 05, Municipales, LVA, 7189,0
1995, 05, Municipales, PSI, 8067,9
1995, 05, Municipales, SIEX, 9361,37
1995, 05, Municipales, CNG, 9390,18
1995, 05, Municipales, URCL, 10004,98
1995, 05, Municipales, SI, 10310,61
1995, 05, Municipales, AIAV, 10547,115
1995, 05, Municipales, CCN, 10915,19
1995, 05, Municipales, CGC, 10970,6
1995, 05, Municipales, PR, 11842,103
1995, 05, Municipales, FADI, 12964,58
1995, 05, Municipales, PAS, 13414,6
1995, 05, Municipales, EVIB, 13490,4
1995, 05, Municipales, UIM-UM, 18713,44
1995, 05, Municipales, GVB-FIC, 19308,170
1995, 05, Municipales, ICAN, 21140,30
1995, 05, Municipales, UA, 21562,37
1995, 05, Municipales, LV-GV, 23415,1
1995, 05, Municipales, CDN, 24186,42
1995, 05, Municipales, PIL, 26956,44
1995, 05, Municipales, CHA, 27648,39
1995, 05, Municipales, EU, 28060,139
1995, 05, Municipales, ICV-GORORDO, 32129,5
1995, 05, Municipales, PRC, 33221,88
1995, 05, Municipales, UPL, 34715,138
1995, 05, Municipales, GIL, 36438,43
1995, 05, Municipales, ENE, 39582,97
1995, 05, Municipales, UPCA, 41628,170
1995, 05, Municipales, CDS, 63457,142
1995, 05, Municipales, PIE, 79338,206
1995, 05, Municipales, UPV-BN, 84462,168
1995, 05, Municipales, PAP, 86895,79
1995, 05, Municipales, PAR, 116447,1050
1995, 05, Municipales, UV-CCV, 129759,215
1995, 05, Municipales, EA, 133576,406
1995, 05, Municipales, HB, 184742,621
1995, 05, Municipales, ERC, 204095,525
1995, 05, Municipales, BNG, 208098,428
1995, 05, Municipales, CC-API, 211882,372
1995, 05, Municipales, PA, 260249,345
1995, 05, Municipales, NA, 313318,1015
1995, 05, Municipales, CIE, 729037,4202
1995, 05, Municipales, CIU, 973498,4240
1995, 05, Municipales, I-EV-CUP, 2589780,3493
1995, 05, Municipales, PSOE, 6838607,21189
1995, 05, Municipales, PP, 7820392,24772
1996, 03, Congreso, AFIT, 0,0
1996, 03, Congreso, CCV, 0,0
1996, 03, Congreso, PAE, 0,0
1996, 03, Congreso, POR, 0,0
1996, 03, Congreso, PNM, 200,0
1996, 03, Congreso, PIZ, 215,0
1996, 03, Congreso, LG, 243,0
1996, 03, Congreso, DSA, 265,0
1996, 03, Congreso, LAE, 296,0
1996, 03, Congreso, PRGU, 338,0
1996, 03, Congreso, ABA, 379,0
1996, 03, Congreso, ALAS, 402,0
1996, 03, Congreso, N, 495,0
1996, 03, Congreso, VDPA, 529,0
1996, 03, Congreso, ADEC, 598,0
1996, 03, Congreso, UAD, 627,0
1996, 03, Congreso, UPRA, 651,0
1996, 03, Congreso, PCN, 722,0
1996, 03, Congreso, PB, 1000,0
1996, 03, Congreso, ENV, 1023,0
1996, 03, Congreso, PICC, 1229,0
1996, 03, Congreso, AR, 1237,0
1996, 03, Congreso, NR, 1452,0
1996, 03, Congreso, FEI, 1550,0
1996, 03, Congreso, PRV, 1656,0
1996, 03, Congreso, PRIM, 1671,0
1996, 03, Congreso, SIEX, 1678,0
1996, 03, Congreso, FPG, 2065,0
1996, 03, Congreso, PRCM, 2279,0
1996, 03, Congreso, PSPC, 2365,0
1996, 03, Congreso, FREPIC, 2567,0
1996, 03, Congreso, CR, 2744,0
1996, 03, Congreso, SOS, 2753,0
1996, 03, Congreso, PREPAL, 2762,0
1996, 03, Congreso, AUN, 3397,0
1996, 03, Congreso, NA, 3505,0
1996, 03, Congreso, URCL, 4061,0
1996, 03, Congreso, PEC, 4305,0
1996, 03, Congreso, P.RIOJANO, 6065,0
1996, 03, Congreso, TC-PNC, 6206,0
1996, 03, Congreso, UM, 6943,0
1996, 03, Congreso, CEX, 7312,0
1996, 03, Congreso, LV, 8483,0
1996, 03, Congreso, ICV-GORORDO, 11833,0
1996, 03, Congreso, UPL, 12049,0
1996, 03, Congreso, FEA, 12114,0
1996, 03, Congreso, PAS, 12213,0
1996, 03, Congreso, PH, 13482,0
1996, 03, Congreso, PCPE, 14513,0
1996, 03, Congreso, PRT, 14854,0
1996, 03, Congreso, CDN, 17020,0
1996, 03, Congreso, LV-GV, 17177,0
1996, 03, Congreso, PSM-ENE, 24644,0
1996, 03, Congreso, UPV-BN, 26777,0
1996, 03, Congreso, UC, 44771,0
1996, 03, Congreso, CHA, 49739,0
1996, 03, Congreso, VG, 61689,0
1996, 03, Congreso, UV, 91575,1
1996, 03, Congreso, EA, 115861,1
1996, 03, Congreso, PA, 134800,0
1996, 03, Congreso, ERC, 167641,1
1996, 03, Congreso, HB, 181304,2
1996, 03, Congreso, BNG, 220147,2
1996, 03, Congreso, CC, 220418,4
1996, 03, Congreso, EAJ-PNV, 318951,5
1996, 03, Congreso, CIU, 1151633,16
1996, 03, Congreso, IULV-CA, 2639774,21
1996, 03, Congreso, PSOE, 9425678,141
1996, 03, Congreso, UPN-PP, 9716006,156
1999, 06, Parlamento Europeo, DM, 5664,0
1999, 06, Parlamento Europeo, PREPAL, 6977,0
1999, 06, Parlamento Europeo, PREX-CREX, 7230,0
1999, 06, Parlamento Europeo, UDR, 7251,0
1999, 06, Parlamento Europeo, AA, 7321,0
1999, 06, Parlamento Europeo, DN, 8053,0
1999, 06, Parlamento Europeo, ACV, 8073,0
1999, 06, Parlamento Europeo, PAE-I, 8394,0
1999, 06, Parlamento Europeo, PLN, 8671,0
1999, 06, Parlamento Europeo, A, 8750,0
1999, 06, Parlamento Europeo, URCL, 9950,0
1999, 06, Parlamento Europeo, SIEX, 10040,0
1999, 06, Parlamento Europeo, FE, 10792,0
1999, 06, Parlamento Europeo, PH, 12415,0
1999, 06, Parlamento Europeo, AUN, 12486,0
1999, 06, Parlamento Europeo, TC-PNC, 13267,0
1999, 06, Parlamento Europeo, FEI, 13940,0
1999, 06, Parlamento Europeo, PAS, 15299,0
1999, 06, Parlamento Europeo, EU, 15716,0
1999, 06, Parlamento Europeo, PADE, 16001,0
1999, 06, Parlamento Europeo, INDEP, 17544,0
1999, 06, Parlamento Europeo, URAS, 22400,0
1999, 06, Parlamento Europeo, PCPE, 26189,0
1999, 06, Parlamento Europeo, COFEM-FEMEK, 28901,0
1999, 06, Parlamento Europeo, UPL, 33604,0
1999, 06, Parlamento Europeo, UC-CDS, 38911,0
1999, 06, Parlamento Europeo, OV-GV, 138835,0
1999, 06, Parlamento Europeo, IPC-VERDES, 300874,0
1999, 06, Parlamento Europeo, EH, 306923,1
1999, 06, Parlamento Europeo, BNG, 349079,1
1999, 06, Parlamento Europeo, EAJ-PNV/EA, 613968,2
1999, 06, Parlamento Europeo, CC (CE), 677094,2
1999, 06, Parlamento Europeo, BNV-CIU, 937687,3
1999, 06, Parlamento Europeo, IU/EBN, 1221566,4
1999, 06, Parlamento Europeo, PSC-PSOE, 7477823,24
1999, 06, Parlamento Europeo, PP, 8410993,27
1999, 06, Municipales, EU, 8641,50
1999, 06, Municipales, PR, 9669,58
1999, 06, Municipales, PREX-CREX, 10548,50
1999, 06, Municipales, URCL, 13041,124
1999, 06, Municipales, FIC, 22597,180
1999, 06, Municipales, UM, 24501,68
1999, 06, Municipales, URAS, 36036,83
1999, 06, Municipales, UPL, 39321,167
1999, 06, Municipales, PSM-EN, 41181,112
1999, 06, Municipales, EA, 41358,187
1999, 06, Municipales, PRC, 49898,217
1999, 06, Municipales, CHA, 54614,80
1999, 06, Municipales, CDS-UC, 62964,281
1999, 06, Municipales, PAR, 87493,925
1999, 06, Municipales, GIL, 87743,93
1999, 06, Municipales, EAJ-PNV, 97180,620
1999, 06, Municipales, UV, 108639,229
1999, 06, Municipales, BLOC-VERDS, 111759,228
1999, 06, Municipales, ERC-AM, 225576,677
1999, 06, Municipales, IC-V-EPM, 230015,291
1999, 06, Municipales, CC, 267773,432
1999, 06, Municipales, EH, 272446,890
1999, 06, Municipales, EAJ-PNV/EA, 272736,399
1999, 06, Municipales, BNG, 290187,586
1999, 06, Municipales, PA, 355684,544
1999, 06, Municipales, BNV-CIU, 774074,4089
1999, 06, Municipales, RESTO, 1267420,4706
1999, 06, Municipales, IU, 1387900,2295
1999, 06, Municipales, PSOE, 7296484,21917
1999, 06, Municipales, PP, 7334135,24623
2000, 03, Congreso, EH, 0,0
2000, 03, Congreso, AN, 60,0
2000, 03, Congreso, PDEP, 85,0
2000, 03, Congreso, MASH, 121,0
2000, 03, Congreso, CIVES, 206,0
2000, 03, Congreso, UN, 314,0
2000, 03, Congreso, TPC, 319,0
2000, 03, Congreso, PRIB, 334,0
2000, 03, Congreso, ALAS, 339,0
2000, 03, Congreso, FN, 343,0
2000, 03, Congreso, UNIB, 388,0
2000, 03, Congreso, PRGU, 400,0
2000, 03, Congreso, II, 425,0
2000, 03, Congreso, VDPA, 493,0
2000, 03, Congreso, UPB, 524,0
2000, 03, Congreso, PPCR, 546,0
2000, 03, Congreso, NR, 598,0
2000, 03, Congreso, PF, 609,0
2000, 03, Congreso, CCS, 645,0
2000, 03, Congreso, CSD-L, 650,0
2000, 03, Congreso, N, 710,0
2000, 03, Congreso, PSPC, 788,0
2000, 03, Congreso, URAL, 838,0
2000, 03, Congreso, ENV, 920,0
2000, 03, Congreso, UP-CAN, 980,0
2000, 03, Congreso, INAR, 1057,0
2000, 03, Congreso, BIA, 1085,0
2000, 03, Congreso, PB, 1191,0
2000, 03, Congreso, PNCA, 1331,0
2000, 03, Congreso, PRIM, 1363,0
2000, 03, Congreso, SIEX, 1412,0
2000, 03, Congreso, USI, 1416,0
2000, 03, Congreso, PAE, 1462,0
2000, 03, Congreso, IR-PRE, 1541,0
2000, 03, Congreso, PAVIEL, 1690,0
2000, 03, Congreso, LI (LIT-CI), 1716,0
2000, 03, Congreso, PEDA, 1904,0
2000, 03, Congreso, AA, 2036,0
2000, 03, Congreso, CNC, 2103,0
2000, 03, Congreso, PREPAL, 2118,0
2000, 03, Congreso, PC, 2131,0
2000, 03, Congreso, FPG, 2252,0
2000, 03, Congreso, UPZ, 2347,0
2000, 03, Congreso, CG, 2361,0
2000, 03, Congreso, PREX-CREX, 2371,0
2000, 03, Congreso, EL-PAPI, 2713,0
2000, 03, Congreso, A, 2727,0
2000, 03, Congreso, PKD, 2759,0
2000, 03, Congreso, AR, 2858,0
2000, 03, Congreso, DG, 2958,0
2000, 03, Congreso, NA, 3262,0
2000, 03, Congreso, EC, 3356,0
2000, 03, Congreso, PCL, 4184,0
2000, 03, Congreso, AU.TO.NO.MO, 4218,0
2000, 03, Congreso, EU, 4771,0
2000, 03, Congreso, URCL, 5683,0
2000, 03, Congreso, PAS, 5876,0
2000, 03, Congreso, P.RIOJANO, 6155,0
2000, 03, Congreso, BLM, 6514,0
2000, 03, Congreso, FEI-FE 2000, 6621,0
2000, 03, Congreso, IAN, 8175,0
2000, 03, Congreso, UM-INME, 8372,0
2000, 03, Congreso, CDN, 8646,0
2000, 03, Congreso, PADE, 9136,0
2000, 03, Congreso, PLAT. ES., 9562,0
2000, 03, Congreso, PIL, 10323,0
2000, 03, Congreso, EV-AV, 11579,0
2000, 03, Congreso, TD, 12208,0
2000, 03, Congreso, PCPE, 12898,0
2000, 03, Congreso, URAS, 13360,0
2000, 03, Congreso, LA FALANGE, 14431,0
2000, 03, Congreso, PLN, 17372,0
2000, 03, Congreso, TC-PNC, 18290,0
2000, 03, Congreso, PH, 19683,0
2000, 03, Congreso, LV-GV, 20618,0
2000, 03, Congreso, LV-CM, 21087,0
2000, 03, Congreso, LVE, 22220,0
2000, 03, Congreso, PSM-EN, 23482,0
2000, 03, Congreso, CDS-UC, 23576,0
2000, 03, Congreso, PAR, 38883,0
2000, 03, Congreso, UPL, 41690,0
2000, 03, Congreso, UV, 57830,0
2000, 03, Congreso, BLOC-VERDS, 58551,0
2000, 03, Congreso, LV, 70906,0
2000, 03, Congreso, GIL, 72162,0
2000, 03, Congreso, CHA, 75356,1
2000, 03, Congreso, EA, 100742,1
2000, 03, Congreso, IC-V, 119290,1
2000, 03, Congreso, FRONT-ERC, 194715,1
2000, 03, Congreso, PA, 206255,1
2000, 03, Congreso, CC, 248261,4
2000, 03, Congreso, BNG, 306268,3
2000, 03, Congreso, EAJ-PNV, 353953,7
2000, 03, Congreso, CIU, 970421,15
2000, 03, Congreso, IULV-CA, 1263043,8
2000, 03, Congreso, PSOE, 7918752,125
2000, 03, Congreso, UPN-PP, 10321178,183
2003, 05, Municipales, UPSA, 7410,58
2003, 05, Municipales, URCL, 7452,55
2003, 05, Municipales, EU, 10489,55
2003, 05, Municipales, PR, 12667,65
2003, 05, Municipales, C.I., 13977,65
2003, 05, Municipales, TC-PNC, 16411,72
2003, 05, Municipales, FIC, 23278,112
2003, 05, Municipales, CDS, 23428,54
2003, 05, Municipales, EA, 30485,149
2003, 05, Municipales, ARALAR, 31235,48
2003, 05, Municipales, UM, 33088,95
2003, 05, Municipales, PSM-EN, 35633,98
2003, 05, Municipales, UPL, 45791,230
2003, 05, Municipales, PSA, 58931,57
2003, 05, Municipales, PRC, 66592,276
2003, 05, Municipales, EAJ-PNV, 76048,630
2003, 05, Municipales, PAR, 85857,907
2003, 05, Municipales, PUULC, 86539,131
2003, 05, Municipales, CHA, 88939,196
2003, 05, Municipales, IB-BLOC, 139307,298
2003, 05, Municipales, CC, 283701,458
2003, 05, Municipales, BNG, 325331,595
2003, 05, Municipales, PA, 332970,667
2003, 05, Municipales, IFS-EPM, 335861,397
2003, 05, Municipales, EA/EAJ-PNV, 408317,892
2003, 05, Municipales, IPC-AM, 419961,1282
2003, 05, Municipales, CIU, 789871,3687
2003, 05, Municipales, E.U.-I.U., 1394871,2198
2003, 05, Municipales, RESTO, 1503689,4844
2003, 05, Municipales, PP, 7875762,23615
2003, 05, Municipales, ICT-PM, 7999178,23224
2004, 03, Congreso, GPHAE, 52,0
2004, 03, Congreso, PDN, 232,0
2004, 03, Congreso, CCSE, 308,0
2004, 03, Congreso, UN, 318,0
2004, 03, Congreso, PRGU, 330,0
2004, 03, Congreso, LG, 378,0
2004, 03, Congreso, PNT, 379,0
2004, 03, Congreso, TD, 407,0
2004, 03, Congreso, N, 410,0
2004, 03, Congreso, UPB, 411,0
2004, 03, Congreso, AMAGA, 468,0
2004, 03, Congreso, PSDA, 583,0
2004, 03, Congreso, Ud Ca, 601,0
2004, 03, Congreso, FDE, 619,0
2004, 03, Congreso, L.I. (LIT-CI), 668,0
2004, 03, Congreso, UCM, 751,0
2004, 03, Congreso, ZU, 754,0
2004, 03, Congreso, PNCA, 757,0
2004, 03, Congreso, UCL, 798,0
2004, 03, Congreso, PSPC, 807,0
2004, 03, Congreso, IAS, 854,0
2004, 03, Congreso, PPCr, 892,0
2004, 03, Congreso, A-IZ, 901,0
2004, 03, Congreso, AUN, 923,0
2004, 03, Congreso, AxGC, 957,0
2004, 03, Congreso, PRF, 1051,0
2004, 03, Congreso, PSICV, 1096,0
2004, 03, Congreso, ASI, 1237,0
2004, 03, Congreso, OtraDem, 1302,0
2004, 03, Congreso, PREPAL, 1322,0
2004, 03, Congreso, CNC, 1431,0
2004, 03, Congreso, PMAR, 1561,0
2004, 03, Congreso, PCA, 1813,0
2004, 03, Congreso, EV-AV, 1836,0
2004, 03, Congreso, UPSa, 1871,0
2004, 03, Congreso, AA, 1970,0
2004, 03, Congreso, PAE, 2082,0
2004, 03, Congreso, IRV, 2111,0
2004, 03, Congreso, PTPRE, 2115,0
2004, 03, Congreso, ADN, 2215,0
2004, 03, Congreso, CG, 2235,0
2004, 03, Congreso, FPG, 2257,0
2004, 03, Congreso, PKD, 2300,0
2004, 03, Congreso, Ei, 2332,0
2004, 03, Congreso, CI, 2421,0
2004, 03, Congreso, GVE, 2662,0
2004, 03, Congreso, APCa, 2715,0
2004, 03, Congreso, A, 2930,0
2004, 03, Congreso, I.DE.S., 2934,0
2004, 03, Congreso, AU.TO.NO.MO, 3124,0
2004, 03, Congreso, LV, 3133,0
2004, 03, Congreso, EU, 3916,0
2004, 03, Congreso, PNC, 4092,0
2004, 03, Congreso, ESPAÑA 2000, 4231,0
2004, 03, Congreso, PAS, 4292,0
2004, 03, Congreso, FA, 4589,0
2004, 03, Congreso, VERDES, 5013,0
2004, 03, Congreso, CDN, 5573,0
2004, 03, Congreso, PADE, 5677,0
2004, 03, Congreso, MSR, 6768,0
2004, 03, Congreso, LVRM, 7074,0
2004, 03, Congreso, POSI, 8003,0
2004, 03, Congreso, TC-PNC, 8866,0
2004, 03, Congreso, FE, 10311,0
2004, 03, Congreso, UM, 10558,0
2004, 03, Congreso, FE de las JONS, 12266,0
2004, 03, Congreso, LV-GV, 12749,0
2004, 03, Congreso, PCPC-PCPE, 12979,0
2004, 03, Congreso, UPL, 14160,0
2004, 03, Congreso, DN, 15180,0
2004, 03, Congreso, PFyV, 16699,0
2004, 03, Congreso, P.CANNABIS, 16918,0
2004, 03, Congreso, IR-PRE, 16993,0
2004, 03, Congreso, LVCM, 19600,0
2004, 03, Congreso, PHC, 21758,0
2004, 03, Congreso, PSA, 24127,0
2004, 03, Congreso, EV-AE, 30528,0
2004, 03, Congreso, CDS, 34101,0
2004, 03, Congreso, PAR, 36540,0
2004, 03, Congreso, LV-E, 37499,0
2004, 03, Congreso, ARALAR-ZUTIK, 38560,0
2004, 03, Congreso, CENB, 40208,0
2004, 03, Congreso, PSM-EN,EU,EV,ER, 40289,0
2004, 03, Congreso, BLOC-EV, 40759,0
2004, 03, Congreso, Na-Bai, 61045,1
2004, 03, Congreso, EA, 80905,1
2004, 03, Congreso, CHA, 94252,1
2004, 03, Congreso, PA, 181868,0
2004, 03, Congreso, BNG, 208688,2
2004, 03, Congreso, CC, 235221,3
2004, 03, Congreso, EAJ-PNV, 420980,7
2004, 03, Congreso, ERPV, 652196,8
2004, 03, Congreso, CiU, 835471,10
2004, 03, Congreso, VERDES-IUC-AC25, 1284081,5
2004, 03, Congreso, UPN-PP, 9763144,148
2004, 03, Congreso, PSdeG-PSOE, 11026163,164
2004, 06, Parlamento Europeo, UCL-PANCAL, 1544,0
2004, 06, Parlamento Europeo, PC, 1600,0
2004, 06, Parlamento Europeo, CL, 1719,0
2004, 06, Parlamento Europeo, FA, 2008,0
2004, 06, Parlamento Europeo, NOS-UP, 2516,0
2004, 06, Parlamento Europeo, EC, 2594,0
2004, 06, Parlamento Europeo, PREPAL, 3308,0
2004, 06, Parlamento Europeo, PADE, 3454,0
2004, 06, Parlamento Europeo, PH, 3923,0
2004, 06, Parlamento Europeo, PCPE-LI (LI, 4281,0
2004, 06, Parlamento Europeo, FE DE LAS J, 4484,0
2004, 06, Parlamento Europeo, LRC-CPE, 5267,0
2004, 06, Parlamento Europeo, LOS PARADOS, 5314,0
2004, 06, Parlamento Europeo, FE, 5935,0
2004, 06, Parlamento Europeo, DN, 6314,0
2004, 06, Parlamento Europeo, N.I.V., 6876,0
2004, 06, Parlamento Europeo, PFIV, 7958,0
2004, 06, Parlamento Europeo, POSI, 7976,0
2004, 06, Parlamento Europeo, CUP, 8180,0
2004, 06, Parlamento Europeo, PUM+J, 9202,0
2004, 06, Parlamento Europeo, C.D.S., 11820,0
2004, 06, Parlamento Europeo, PASOC, 13810,0
2004, 06, Parlamento Europeo, ARALAR, 19993,0
2004, 06, Parlamento Europeo, P.CANNABIS, 54460,0
2004, 06, Parlamento Europeo, EV-GV, 68536,0
2004, 06, Parlamento Europeo, UV, 197231,0
2004, 06, Parlamento Europeo, ERPV, 380709,1
2004, 06, Parlamento Europeo, IU-ICV-EUIA, 643136,2
2004, 06, Parlamento Europeo, BLOC, 798816,2
2004, 06, Parlamento Europeo, PP, 6393192,24
2004, 06, Parlamento Europeo, PSC (PSC-PS, 6741112,25
2007, 05, Municipales, ADEIZA-UPZ, 6705,63
2007, 05, Municipales, U.P.SA, 10179,85
2007, 05, Municipales, IPEX, 12693,85
2007, 05, Municipales, TC, 14331,93
2007, 05, Municipales, GIR-FIC, 17478,86
2007, 05, Municipales, C.I., 19885,149
2007, 05, Municipales, PDEAL, 22554,61
2007, 05, Municipales, M.A.S.U.P.L, 31851,161
2007, 05, Municipales, TEGA, 33626,66
2007, 05, Municipales, UM, 34300,96
2007, 05, Municipales, P.S.A, 48365,64
2007, 05, Municipales, NB, 52387,133
2007, 05, Municipales, CHA, 58463,228
2007, 05, Municipales, EB-B/A, 67325,91
2007, 05, Municipales, EA, 72590,255
2007, 05, Municipales, PR, 73657,303
2007, 05, Municipales, PAR, 94079,983
2007, 05, Municipales, EAE-ANV, 94253,432
2007, 05, Municipales, BLOC VERDS, 105754,277
2007, 05, Municipales, CC-AHI, 217407,404
2007, 05, Municipales, P.A, 234885,525
2007, 05, Municipales, EPG-EPPM, 258179,451
2007, 05, Municipales, EAJ-PNV, 310036,1043
2007, 05, Municipales, BNG, 315279,661
2007, 05, Municipales, VU-AM, 347601,1591
2007, 05, Municipales, FCIU, 723325,3387
2007, 05, Municipales, IR-EUPV-VER, 1217030,2034
2007, 05, Municipales, RESTO, 1382749,4947
2007, 05, Municipales, VITPASXXI-P, 7760865,24029
2007, 05, Municipales, PP, 7916075,23348
2008, 03, Congreso, PHache, 0,0
2008, 03, Congreso, M.F.E., 68,0
2008, 03, Congreso, AGRUCI, 79,0
2008, 03, Congreso, ixC, 100,0
2008, 03, Congreso, N som, 105,0
2008, 03, Congreso, I.C.Bur, 109,0
2008, 03, Congreso, AxB, 123,0
2008, 03, Congreso, UCL, 124,0
2008, 03, Congreso, AVE, 144,0
2008, 03, Congreso, ABA, 145,0
2008, 03, Congreso, P.R.GU., 152,0
2008, 03, Congreso, TD, 159,0
2008, 03, Congreso, PAIE, 174,0
2008, 03, Congreso, Ud. Ca., 198,0
2008, 03, Congreso, I.M.C., 202,0
2008, 03, Congreso, CDAS, 216,0
2008, 03, Congreso, CTC, 218,0
2008, 03, Congreso, PPCr, 300,0
2008, 03, Congreso, PIIB, 360,0
2008, 03, Congreso, PB-UB, 385,0
2008, 03, Congreso, PUEDE, 414,0
2008, 03, Congreso, U.R.C.L., 423,0
2008, 03, Congreso, IRV, 449,0
2008, 03, Congreso, UCPIC, 464,0
2008, 03, Congreso, pCUA, 475,0
2008, 03, Congreso, MUPC, 497,0
2008, 03, Congreso, PCTR, 509,0
2008, 03, Congreso, plRV, 645,0
2008, 03, Congreso, UNIDAD DEL PUEBLO, 699,0
2008, 03, Congreso, (LI(LIT-CI)), 722,0
2008, 03, Congreso, P.L.E.V.E., 786,0
2008, 03, Congreso, UNIDA, 848,0
2008, 03, Congreso, PLCI, 888,0
2008, 03, Congreso, ANC, 1017,0
2008, 03, Congreso, CDEs, 1047,0
2008, 03, Congreso, PREPAL, 1278,0
2008, 03, Congreso, AA, 1299,0
2008, 03, Congreso, CDS, 1362,0
2008, 03, Congreso, ONV, 1490,0
2008, 03, Congreso, CDL, 1503,0
2008, 03, Congreso, F.E, 1539,0
2008, 03, Congreso, ULEG, 1566,0
2008, 03, Congreso, PNF (NO-FUMADORES), 1616,0
2008, 03, Congreso, PxCat, 1919,0
2008, 03, Congreso, PCaC, 1956,0
2008, 03, Congreso, E.V.-A.V., 2028,0
2008, 03, Congreso, EXTREMADURA UNIDA, 2346,0
2008, 03, Congreso, aBla, 2460,0
2008, 03, Congreso, AuN, 2737,0
2008, 03, Congreso, PARTIDO RIOJANO, 2837,0
2008, 03, Congreso, IR-PRE, 2899,0
2008, 03, Congreso, PDLPEA, 3050,0
2008, 03, Congreso, A.M.D., 3829,0
2008, 03, Congreso, SAIn, 3885,0
2008, 03, Congreso, UPL, 4509,0
2008, 03, Congreso, FA, 4607,0
2008, 03, Congreso, TC, 4796,0
2008, 03, Congreso, Ei, 5035,0
2008, 03, Congreso, CVa, 5424,0
2008, 03, Congreso, RC, 6746,0
2008, 03, Congreso, E-2000, 6906,0
2008, 03, Congreso, AES, 7300,0
2008, 03, Congreso, POSI, 7386,0
2008, 03, Congreso, RCN-NOK, 7769,0
2008, 03, Congreso, LV-EV, 7824,0
2008, 03, Congreso, PdeAL, 8451,0
2008, 03, Congreso, PH, 9056,0
2008, 03, Congreso, PFiV, 9882,0
2008, 03, Congreso, EV-AE, 12561,0
2008, 03, Congreso, DN, 12836,0
2008, 03, Congreso, FE-JONS, 14023,0
2008, 03, Congreso, CNB, 14193,0
2008, 03, Congreso, PCPE, 20030,0
2008, 03, Congreso, PSD-FIA, 20126,0
2008, 03, Congreso, LVE, 20419,0
2008, 03, Congreso, PUM+J, 23318,0
2008, 03, Congreso, UNITAT PER LES ILLES, 25454,0
2008, 03, Congreso, BLOC-IdPV-EV-EE, 29760,0
2008, 03, Congreso, aralar, 29989,0
2008, 03, Congreso, OV, 30840,0
2008, 03, Congreso, NC-CCN, 38024,0
2008, 03, Congreso, CHA, 38202,0
2008, 03, Congreso, PAR, 40054,0
2008, 03, Congreso, EV-LV, 41531,0
2008, 03, Congreso, PACMA, 44795,0
2008, 03, Congreso, C's, 46313,0
2008, 03, Congreso, EA, 50371,0
2008, 03, Congreso, NA-BAI, 62398,1
2008, 03, Congreso, CA, 68679,0
2008, 03, Congreso, CC-PNC-PIL, 174629,2
2008, 03, Congreso, BNG, 212543,2
2008, 03, Congreso, esquerra, 298139,3
2008, 03, Congreso, UPyD, 306079,1
2008, 03, Congreso, EAJ-PNV, 306128,6
2008, 03, Congreso, CiU, 779425,10
2008, 03, Congreso, IU, 969946,2
2008, 03, Congreso, UPN-PP, 10278010,154
2008, 03, Congreso, PSC-PSOE, 11289335,169
2009, 06, Parlamento Europeo, UCL, 1991,0
2009, 06, Parlamento Europeo, AA, 2255,0
2009, 06, Parlamento Europeo, UNA, 3183,0
2009, 06, Parlamento Europeo, UCE, 3483,0
2009, 06, Parlamento Europeo, PREPAL, 4767,0
2009, 06, Parlamento Europeo, EXTREMADURA UNIDA, 5007,0
2009, 06, Parlamento Europeo, FA, 5165,0
2009, 06, Parlamento Europeo, CDL, 5733,0
2009, 06, Parlamento Europeo, SAIn, 5877,0
2009, 06, Parlamento Europeo, MSR, 6009,0
2009, 06, Parlamento Europeo, UV, 6072,0
2009, 06, Parlamento Europeo, PH, 7009,0
2009, 06, Parlamento Europeo, RC, 7547,0
2009, 06, Parlamento Europeo, FN, 7970,0
2009, 06, Parlamento Europeo, iF, 9721,0
2009, 06, Parlamento Europeo, DN, 9950,0
2009, 06, Parlamento Europeo, FE de las JONS, 10031,0
2009, 06, Parlamento Europeo, CDS, 10144,0
2009, 06, Parlamento Europeo, PFyV, 10456,0
2009, 06, Parlamento Europeo, POSI, 12344,0
2009, 06, Parlamento Europeo, PSA, 13993,0
2009, 06, Parlamento Europeo, PCPE-EK, 15221,0
2009, 06, Parlamento Europeo, AES, 19583,0
2009, 06, Parlamento Europeo, IZAN-RG, 19735,0
2009, 06, Parlamento Europeo, LIBERTAS, 22903,0
2009, 06, Parlamento Europeo, PUM+J, 24507,0
2009, 06, Parlamento Europeo, PACMA, 41913,0
2009, 06, Parlamento Europeo, LV-GVE, 89147,0
2009, 06, Parlamento Europeo, II, 178121,0
2009, 06, Parlamento Europeo, LV, 394938,1
2009, 06, Parlamento Europeo, UPyD, 451866,1
2009, 06, Parlamento Europeo, IU-ICV-EUiA-BA, 588248,2
2009, 06, Parlamento Europeo, UM-UMe, 808246,3
2009, 06, Parlamento Europeo, PSC-PSOE, 6141784,23
2009, 06, Parlamento Europeo, PP, 6670377,24
2011, 05, Municipales, COMPROMISO CON ARAGON, 4036,51
2011, 05, Municipales, AB, 4248,52
2011, 05, Municipales, ADEIZA-UPZ, 6233,86
2011, 05, Municipales, U.C.I.T., 6455,33
2011, 05, Municipales, SI, 6836,69
2011, 05, Municipales, I.P.E.X., 7421,59
2011, 05, Municipales, MASS, 8309,34
2011, 05, Municipales, PARTIDO RIOJANO, 9210,55
2011, 05, Municipales, PSM-EN-APIB, 10744,49
2011, 05, Municipales, IA FIC, 12607,86
2011, 05, Municipales, PCAL, 13650,101
2011, 05, Municipales, PCAL-CI, 14889,79
2011, 05, Municipales, CxI, 15194,58
2011, 05, Municipales, UPL, 19748,134
2011, 05, Municipales, C.D.L., 27220,52
2011, 05, Municipales, S.I., 31793,47
2011, 05, Municipales, ARALAR, 32660,42
2011, 05, Municipales, NABAI 2011, 36262,70
2011, 05, Municipales, NCa, 51220,53
2011, 05, Municipales, CHA, 53149,185
2011, 05, Municipales, CUP-PA, 62409,101
2011, 05, Municipales, PxC, 66007,67
2011, 05, Municipales, P.R.C., 70634,319
2011, 05, Municipales, PAR, 77593,991
2011, 05, Municipales, U.P.N., 88156,323
2011, 05, Municipales, FAC, 121713,158
2011, 05, Municipales, C.M.COMPROMÍS, 180832,344
2011, 05, Municipales, CC-VU, 202720,392
2011, 05, Municipales, CpL - EP-And, 230492,469
2011, 05, Municipales, AMI-E, 242021,400
2011, 05, Municipales, BNG, 261466,589
2011, 05, Municipales, +C-Esquerra-AM, 271503,1392
2011, 05, Municipales, BILDU, 313238,1139
2011, 05, Municipales, E.A.J.-P.N.V., 327184,882
2011, 05, Municipales, UPyD, 464824,152
2011, 05, Municipales, CiU, 779188,3867
2011, 05, Municipales, IU, 1437061,2249
2011, 05, Municipales, RESTO, 1674163,4728
2011, 05, Municipales, PSC-PM, 6275314,21766
2011, 05, Municipales, PP-EU, 8476138,26507
2011, 11, Congreso, DNE, 0,0
2011, 11, Congreso, SXT, 169,0
2011, 11, Congreso, H.D., 206,0
2011, 11, Congreso, LV-GV, 293,0
2011, 11, Congreso, PDYC, 304,0
2011, 11, Congreso, BASTA YA, 380,0
2011, 11, Congreso, PRE-R, 419,0
2011, 11, Congreso, INTERNET, 603,0
2011, 11, Congreso, P.R.D.E., 678,0
2011, 11, Congreso, U.R.C.L., 709,0
2011, 11, Congreso, CYD, 720,0
2011, 11, Congreso, DeC, 778,0
2011, 11, Congreso, U.C.I.T., 785,0
2011, 11, Congreso, +MAS+, 791,0
2011, 11, Congreso, PFyV, 829,0
2011, 11, Congreso, ACIMA, 966,0
2011, 11, Congreso, CCD, 1074,0
2011, 11, Congreso, ANDECHA, 1087,0
2011, 11, Congreso, CEx, 1090,0
2011, 11, Congreso, UNIDAD DEL PUEBLO, 1138,0
2011, 11, Congreso, CXXI, 1443,0
2011, 11, Congreso, Caballas, 1712,0
2011, 11, Congreso, PRAO, 1784,0
2011, 11, Congreso, D.N., 1867,0
2011, 11, Congreso, POSI, 2007,0
2011, 11, Congreso, PREPAL, 2058,0
2011, 11, Congreso, P-LIB, 2065,0
2011, 11, Congreso, UxV, 2210,0
2011, 11, Congreso, PCAL, 2431,0
2011, 11, Congreso, C.D.L., 2848,0
2011, 11, Congreso, FE de las JONS, 2898,0
2011, 11, Congreso, ANC, 3180,0
2011, 11, Congreso, PIRATA, 3426,0
2011, 11, Congreso, HARTOS.ORG, 3820,0
2011, 11, Congreso, RPS, 5430,0
2011, 11, Congreso, SAIn, 6863,0
2011, 11, Congreso, ESPAÑA 2000, 9266,0
2011, 11, Congreso, PH, 10132,0
2011, 11, Congreso, UCE, 15869,0
2011, 11, Congreso, PIRATA.CAT, 21876,0
2011, 11, Congreso, ANTICAPITALISTES, 22289,0
2011, 11, Congreso, P.C.P.E., 26254,0
2011, 11, Congreso, PUM+J, 27210,0
2011, 11, Congreso, GBAI, 42415,1
2011, 11, Congreso, P.R.C., 44010,0
2011, 11, Congreso, PxC, 59949,0
2011, 11, Congreso, PA, 76999,0
2011, 11, Congreso, Eb, 97673,0
2011, 11, Congreso, FAC, 99473,1
2011, 11, Congreso, PACMA, 102144,0
2011, 11, Congreso, COMPROMÍS-Q, 125306,1
2011, 11, Congreso, CC-NC-PNC, 143881,2
2011, 11, Congreso, BNG, 184037,2
2011, 11, Congreso, SSP-SxTF-EQUO, 216748,0
2011, 11, Congreso, ERPV, 256985,3
2011, 11, Congreso, EAJ-PNV, 324317,5
2011, 11, Congreso, AMAIUR, 334498,7
2011, 11, Congreso, CiU, 1015691,16
2011, 11, Congreso, UPyD, 1143225,5
2011, 11, Congreso, IU-V-SIEX: LA IZQUIERDA PLURAL, 1686040,11
2011, 11, Congreso, PSC-PSOE, 7003511,110
2011, 11, Congreso, UPN-PP, 10866566,186
2014, 05, Parlamento Europeo, M.C.R., 4980,0
2014, 05, Parlamento Europeo, IPEX-PREX-CREX, 5967,0
2014, 05, Parlamento Europeo, PREPAL, 6759,0
2014, 05, Parlamento Europeo, SAIn, 6929,0
2014, 05, Parlamento Europeo, R.R.U.E., 8309,0
2014, 05, Parlamento Europeo, ALTER, 8593,0
2014, 05, Parlamento Europeo, EXTREMADURA UNIDA, 8821,0
2014, 05, Parlamento Europeo, M.S.R., 8909,0
2014, 05, Parlamento Europeo, P-LIB, 9670,0
2014, 05, Parlamento Europeo, PT, 9940,0
2014, 05, Parlamento Europeo, PRAO, 11502,0
2014, 05, Parlamento Europeo, D.N., 13079,0
2014, 05, Parlamento Europeo, PH, 14896,0
2014, 05, Parlamento Europeo, LEM, 17035,0
2014, 05, Parlamento Europeo, ImpulsoSocial, 17879,0
2014, 05, Parlamento Europeo, CILUS, 18287,0
2014, 05, Parlamento Europeo, FE de las JONS, 21687,0
2014, 05, Parlamento Europeo, I.Fem, 23140,0
2014, 05, Parlamento Europeo, P.C.P.E., 29324,0
2014, 05, Parlamento Europeo, RECORTES CERO, 30827,0
2014, 05, Parlamento Europeo, DISCAPACITADOS Y ENFERMEDADES RARAS, 32833,0
2014, 05, Parlamento Europeo, F.A.C., 32962,0
2014, 05, Parlamento Europeo, PIRATAS, 38690,0
2014, 05, Parlamento Europeo, PARTIDO ANDALUCISTA, 49523,0
2014, 05, Parlamento Europeo, PARTIDO X, 100561,0
2014, 05, Parlamento Europeo, MOVIMIENTO RED, 105666,0
2014, 05, Parlamento Europeo, EB, 115682,0
2014, 05, Parlamento Europeo, PACMA, 177499,0
2014, 05, Parlamento Europeo, VOX, 246833,0
2014, 05, Parlamento Europeo, PRIMAVERA EUROPEA, 302266,1
2014, 05, Parlamento Europeo, EH BILDU-BNG, 326464,1
2014, 05, Parlamento Europeo, C's, 497146,2
2014, 05, Parlamento Europeo, EPDD, 630072,2
2014, 05, Parlamento Europeo, CiU, 851971,3
2014, 05, Parlamento Europeo, UPyD, 1022232,4
2014, 05, Parlamento Europeo, PODEMOS, 1253837,5
2014, 05, Parlamento Europeo, EUPV-EV, 1575308,6
2014, 05, Parlamento Europeo, PSC-PSOE, 3614232,14
2014, 05, Parlamento Europeo, P.P., 4098339,16
